packetType,timestamp_s,timestamp_ms,lineCutterNumber,state,timestamp,pressure,altitude,deltaAltitude,temperature,accelNorm,battery,cutSense1,cutSense2,currentSense,photoresistor
1,337655,137691397,62,0,101179,3231281212,-0.20843230187892914,850.7645874023438,0.9948811531066895,3.913196563720703,3.1591417404581606e-37,473,0,144,640
1,338610,193396997,62,0,101179,3231281212,-0.1667451709508896,850.4278564453125,0.994202733039856,3.913196563720703,3.159141292042652e-37,470,0,176,544
1,340093,294977797,62,0,101173,3230232133,0.3334903419017792,849.9550170898438,0.9980463981628418,3.9272727966308594,3.159141292042652e-37,471,0,192,592
1,340942,350683397,62,0,101178,3231106369,0.0,849.2672119140625,0.9934541583061218,3.9272727966308594,3.159141292042652e-37,470,0,160,608
1,341792,406388997,62,0,101182,3231805732,0.041684459894895554,848.471923828125,0.995235800743103,3.913196563720703,3.159141292042652e-37,471,1,176,592
1,342536,458817797,62,0,101172,3230057282,0.16674917936325073,848.0778198242188,0.9956478476524353,3.913196563720703,3.144447388449619e-37,471,0,176,608
1,343385,507969797,62,0,101177,3230931525,-0.08337325602769852,847.5977172851562,0.993755042552948,3.9272727966308594,3.1738349714279306e-37,472,0,144,656
1,344234,566952197,62,0,101181,3231630893,-0.2501157522201538,846.7020263671875,0.9953847527503967,3.906158447265625,3.144447388449619e-37,471,2,192,688
1,345086,622657797,62,0,101172,3230057282,0.20843563973903656,846.4010620117188,0.9958901405334473,3.913196563720703,3.159141292042652e-37,470,0,144,672
1,345830,675086597,62,0,101175,3230581832,-0.04168712720274925,846.1502075195312,0.9909148216247559,3.9272727966308594,3.1297537090643405e-37,471,1,144,576
1,346679,727515397,62,0,101179,3231281212,-0.08337192237377167,846.67333984375,0.993484377861023,3.9202346801757812,3.1591410678348977e-37,470,1,160,624
1,347529,783220997,62,0,101183,3231980569,-0.37517213821411133,847.2752685546875,0.998076856136322,3.913196563720703,3.1738349714279306e-37,469,0,160,656
1,348378,842203397,62,0,101184,3232155405,-0.37516912817955017,847.3756103515625,0.9976353049278259,3.9202346801757812,3.1297539332720948e-37,470,2,128,576
1,349227,894632197,62,0,101185,3232330240,-0.291793555021286,847.4185791015625,0.996559202671051,3.913196563720703,3.1591410678348977e-37,470,0,224,624
1,349968,947060997,62,0,101183,3231980569,0.04168412461876869,847.7410278320312,0.9962846040725708,3.9202346801757812,3.173835195635685e-37,469,0,192,608
1,350818,996212997,62,0,101186,3232505073,-0.1250513792037964,847.8055419921875,0.9973099827766418,3.9272727966308594,3.1738347472201763e-37,470,1,160,640
1,351560,1048641797,62,0,101184,3232155405,-0.08336858451366425,847.6693725585938,0.9958541393280029,3.9272727966308594,3.144447388449619e-37,470,1,192,624
1,352304,1097793797,62,0,101184,3232155405,0.0,847.5977172851562,0.9979807138442993,3.9202346801757812,3.1444476126573734e-37,469,0,208,672
1,353153,1150222597,62,0,101182,3231805732,0.16673582792282104,847.1033325195312,0.9955160021781921,3.9272727966308594,3.1444476126573734e-37,469,0,112,672
1,353895,1205928197,62,0,101178,3231106369,0.3334769904613495,846.0355224609375,0.9966276288032532,3.9202346801757812,3.159141292042652e-37,470,0,160,672
1,355379,1300955397,62,0,101184,3232155405,-0.08336858451366425,846.63037109375,0.9994459748268127,3.9202346801757812,3.129754157479849e-37,471,0,128,720
1,356121,1350107397,62,0,101186,3232505073,-0.16673582792282104,846.9456787109375,0.9968394041061401,3.9202346801757812,3.144447388449619e-37,471,1,208,608
1,356970,1402536197,62,0,101184,3232155405,-0.12505337595939636,847.0316772460938,0.9988851547241211,3.913196563720703,3.159141292042652e-37,471,0,192,624
1,357715,1451688197,62,0,101181,3231630893,0.12505337595939636,847.2968139648438,0.9950276017189026,3.9272727966308594,3.1591410678348977e-37,471,2,128,672
1,358563,1504116997,62,0,101182,3231805732,0.20841895043849945,847.325439453125,0.9952448606491089,3.9272727966308594,3.173835195635685e-37,473,0,192,704
1,359307,1556545797,62,0,101182,3231805732,0.08336858451366425,846.8453369140625,0.994317352771759,3.9343109130859375,3.1444476126573734e-37,471,2,144,640
1,360158,1608974597,62,0,101182,3231805732,0.041684459894895554,846.4368896484375,0.997040331363678,3.9202346801757812,3.159141292042652e-37,470,0,192,688
1,361006,1667956997,62,0,101183,3231980569,0.04168412461876869,846.1716918945312,0.996003270149231,3.913196563720703,3.159141292042652e-37,471,2,128,608
1,361856,1720385797,62,0,101184,3232155405,-0.12505337595939636,846.18603515625,0.9982185959815979,3.9202346801757812,3.144447388449619e-37,472,1,96,688
1,362599,1772814597,62,0,101181,3231630893,-0.1667425036430359,846.14306640625,0.99796062707901,3.913196563720703,3.1444476126573734e-37,470,0,144,656
1,363343,1821966597,62,0,101185,3232330240,0.0,846.2147216796875,0.9959841370582581,3.913196563720703,3.1591415162504063e-37,470,2,144,672
1,364087,1874395397,62,0,101186,3232505073,-0.04168345779180527,846.4942016601562,0.9963642954826355,3.9202346801757812,3.1444478368651277e-37,471,0,160,608
1,364937,1923547397,62,0,101183,3231980569,0.0,846.4942016601562,0.998602032661438,3.9272727966308594,3.1591410678348977e-37,470,2,176,656
1,365680,1975976197,62,0,101179,3231281212,0.20842395722866058,846.408203125,0.9971848726272583,3.9272727966308594,3.1444476126573734e-37,472,2,192,704
1,366424,2028404997,62,0,101181,3231630893,0.08336924761533737,845.9925537109375,0.9957478046417236,3.913196563720703,3.159141292042652e-37,470,1,144,624
1,368014,2120155397,62,0,101180,3231456053,-0.04168545827269554,846.085693359375,0.9944601655006409,3.9272727966308594,3.144447388449619e-37,470,2,144,608
1,368863,2179137797,62,0,101183,3231980569,-0.1667398363351822,845.7489013671875,0.997842013835907,3.913196563720703,3.1591415162504063e-37,469,0,176,688
1,369591,2231566597,62,0,101185,3232330240,-0.2501077651977539,845.72021484375,0.9966801404953003,3.9202346801757812,3.173835195635685e-37,470,0,144,688
1,370335,2283995397,62,0,101182,3231805732,0.20841895043849945,846.0785522460938,0.9996406435966492,3.913196563720703,3.1444476126573734e-37,471,1,160,624
1,371185,2333147397,62,0,101187,3232679905,0.0,846.1143798828125,0.9951189756393433,3.913196563720703,3.1444478368651277e-37,471,0,208,672
1,371930,2385576197,62,0,101180,3231456053,0.0833699181675911,846.307861328125,0.9954683780670166,3.9202346801757812,3.1444476126573734e-37,469,0,128,720
1,372779,2438004997,62,0,101186,3232505073,-0.2917912006378174,845.74169921875,0.9962878227233887,3.913196563720703,3.1444476126573734e-37,472,1,192,624
1,373523,2487156997,62,0,101185,3232330240,-0.3334796726703644,845.4478759765625,0.9955345988273621,3.9202346801757812,3.1444476126573734e-37,471,1,160,704
1,374266,2539585797,62,0,101182,3231805732,0.08336858451366425,845.175537109375,0.9967968463897705,3.9202346801757812,3.1444478368651277e-37,471,2,160,656
1,375115,2588737797,62,0,101181,3231630893,-0.1667425036430359,844.7168579101562,0.9957458972930908,3.9272727966308594,3.144447388449619e-37,471,0,160,704
1,375861,2641166597,62,0,101183,3231980569,0.1250513792037964,845.0537109375,0.997565746307373,3.9272727966308594,3.1444476126573734e-37,468,0,144,672
1,376604,2690318597,62,0,101183,3231980569,0.0,844.9175415039062,0.9963409900665283,3.9272727966308594,3.1591410678348977e-37,473,0,128,688
1,377349,2742747397,62,0,101179,3231281212,0.0,844.5950317382812,0.9960858225822449,3.913196563720703,3.1444476126573734e-37,471,1,192,672
1,378197,2795176197,62,0,101179,3231281212,0.0,843.7636108398438,0.9953621625900269,3.9202346801757812,3.159141292042652e-37,471,2,192,656
1,379047,2847604997,62,0,101183,3231980569,-0.041684459894895554,843.4984130859375,0.9955047369003296,3.9202346801757812,3.1591415162504063e-37,471,0,144,672
1,379790,2900033797,62,0,101181,3231630893,-0.04168512672185898,843.5987548828125,0.9950363039970398,3.9202346801757812,3.159141292042652e-37,469,0,176,736
1,380534,2952462597,62,0,101183,3231980569,-0.08336924761533737,843.4338989257812,0.9934229254722595,3.913196563720703,3.173835195635685e-37,471,1,128,720
1,381385,3001614597,62,0,101180,3231456053,-0.1250573843717575,843.4266967773438,0.9972067475318909,3.913196563720703,3.1444476126573734e-37,469,1,176,656
1,382131,3054043397,62,0,101183,3231980569,0.0,843.2618408203125,0.9947482943534851,3.9272727966308594,3.159141292042652e-37,470,1,176,672
1,382872,3103195397,62,0,101180,3231456053,0.04168512672185898,843.6417846679688,0.9928240776062012,3.9272727966308594,3.1297539332720948e-37,471,0,144,608
1,383721,3155624197,62,0,101184,3232155405,-0.04168412461876869,843.5916137695312,0.99224454164505,3.9343109130859375,3.1738349714279306e-37,471,0,176,624
1,384466,3208052997,62,0,101179,3231281212,0.1667398363351822,844.3369750976562,0.9961389899253845,3.9202346801757812,3.159141292042652e-37,470,1,192,752
1,385317,3257204997,62,0,101180,3231456053,0.25010573863983154,844.7168579101562,0.9963317513465881,3.906158447265625,3.144447388449619e-37,469,0,160,704
1,386063,3309633797,62,0,101180,3231456053,0.12505437433719635,843.5844116210938,0.9963070154190063,3.9202346801757812,3.144447388449619e-37,473,1,128,672
1,386808,3358785797,62,0,101180,3231456053,0.04168512672185898,842.4661865234375,0.9930351376533508,3.9202346801757812,3.1591410678348977e-37,470,1,144,656
1,387552,3411214597,62,0,101183,3231980569,-0.1667398363351822,841.24755859375,0.9944738149642944,3.9202346801757812,3.159141292042652e-37,471,1,240,624
1,388400,3463643397,62,0,101179,3231281212,0.04168545827269554,840.7958984375,0.9919173717498779,3.9272727966308594,3.144447388449619e-37,471,1,160,672
1,389144,3512795397,62,0,101180,3231456053,0.04168512672185898,841.1471557617188,0.9945910573005676,3.9202346801757812,3.1444476126573734e-37,470,1,160,704
1,389889,3565224197,62,0,101179,3231281212,0.12505537271499634,841.190185546875,0.9949548244476318,3.9202346801757812,3.1591410678348977e-37,470,0,128,704
1,390741,3614376197,62,0,101177,3230931525,0.041686125099658966,840.1148071289062,0.9971709847450256,3.9272727966308594,3.1738349714279306e-37,471,1,160,672
1,391482,3666804997,62,0,101182,3231805732,-0.04168479144573212,840.1363525390625,0.9945456981658936,3.913196563720703,3.1738347472201763e-37,470,0,192,720
1,392229,3719233797,62,0,101181,3231630893,-0.1667425036430359,839.9857788085938,0.994881272315979,3.9202346801757812,3.1444476126573734e-37,472,0,192,656
1,393080,3768385797,62,0,101180,3231456053,0.04168512672185898,840.0001220703125,0.9962189197540283,3.913196563720703,3.1591410678348977e-37,469,2,208,752
1,393825,3820814597,62,0,101180,3231456053,0.12505437433719635,840.9105834960938,0.9988260269165039,3.9202346801757812,3.1297539332720948e-37,471,0,160,688
1,394672,3873243397,62,0,101185,3232330240,-0.20842228829860687,841.1543579101562,0.9973154067993164,3.9202346801757812,3.159141292042652e-37,470,1,176,624
1,395521,3925672197,62,0,101184,3232155405,0.0,840.9751586914062,0.9944286346435547,3.913196563720703,3.1591410678348977e-37,469,0,240,768
1,396265,3978100997,62,0,101184,3232155405,-0.20842395722866058,840.8460693359375,0.9950214624404907,3.913196563720703,3.1591415162504063e-37,470,0,176,768
1,397009,4027252997,62,0,101181,3231630893,0.08336924761533737,840.9034423828125,0.9960229992866516,3.913196563720703,3.1444476126573734e-37,469,1,160,672
1,397754,4079681797,62,0,101181,3231630893,0.08336924761533737,841.1400146484375,1.0000898838043213,3.9272727966308594,3.1591410678348977e-37,471,0,176,768
1,398603,4132110597,62,0,101183,3231980569,0.08336791396141052,840.3298950195312,0.9906466007232666,3.9272727966308594,3.1591415162504063e-37,471,1,160,720
1,399348,4181262597,62,0,101185,3232330240,-0.291793555021286,840.0574340820312,0.9959526658058167,3.9202346801757812,3.1591415162504063e-37,470,1,224,688
1,400089,4233691397,62,0,101184,3232155405,-0.12505337595939636,839.7061767578125,0.9926949739456177,3.9202346801757812,3.159141292042652e-37,471,1,176,672
1,400941,4282843397,62,0,101182,3231805732,-0.04168479144573212,839.6344604492188,0.9959225058555603,3.9343109130859375,3.1591415162504063e-37,469,0,128,704
1,401791,43581701,63,0,101183,3231980569,-0.2084256261587143,839.8280029296875,0.99772047996521,3.9202346801757812,3.159141292042652e-37,469,1,160,768
1,402536,96010501,63,0,101182,3231805732,0.041684459894895554,839.8065185546875,0.9963840246200562,3.913196563720703,3.1738349714279306e-37,470,0,176,656
1,403279,145162501,63,0,101178,3231106369,0.08337125182151794,839.8065185546875,0.9962283968925476,3.9202346801757812,3.173835195635685e-37,470,2,160,768
1,404233,197591301,63,0,101182,3231805732,-0.0833699181675911,839.2759399414062,0.9949005842208862,3.9272727966308594,3.1738349714279306e-37,471,1,192,688
1,405081,259850501,63,0,101182,3231805732,-0.0833699181675911,839.6416015625,0.991959810256958,3.9202346801757812,3.1591410678348977e-37,470,2,128,720
1,405824,312279301,63,0,101180,3231456053,0.0833699181675911,839.3046264648438,0.9972443580627441,3.9202346801757812,3.1738347472201763e-37,470,1,160,656
1,406671,361431301,63,0,101185,3232330240,-0.2501077651977539,839.677490234375,0.9961044192314148,3.9272727966308594,3.1738349714279306e-37,470,1,176,736
1,407518,420413701,63,0,101179,3231281212,0.12505537271499634,839.3906860351562,0.9932928681373596,3.9272727966308594,3.144447388449619e-37,469,2,144,720
1,408368,472842501,63,0,101180,3231456053,0.20842228829860687,840.3729248046875,0.9972235560417175,3.913196563720703,3.1738347472201763e-37,470,1,224,768
1,409112,525271301,63,0,101182,3231805732,-0.3751751482486725,840.3800659179688,0.9950335621833801,3.9202346801757812,3.1591415162504063e-37,469,0,192,720
1,409856,574423301,63,0,101183,3231980569,-0.1667398363351822,840.6740112304688,0.9958823919296265,3.9202346801757812,3.1444476126573734e-37,470,1,160,688
1,410599,626852101,63,0,101182,3231805732,-0.16674117743968964,840.7457275390625,0.9943461418151855,3.9272727966308594,3.159141292042652e-37,472,1,160,624
1,411450,676004101,63,0,101183,3231980569,0.08336791396141052,840.5234985351562,0.996584415435791,3.9202346801757812,3.1444476126573734e-37,472,1,240,656
1,412195,728432901,63,0,101186,3232505073,-0.1250513792037964,840.3729248046875,0.9972651600837708,3.9202346801757812,3.159141292042652e-37,473,1,208,720
1,412937,780861701,63,0,101190,3233204391,-0.3334663212299347,840.5880126953125,0.9953136444091797,3.913196563720703,3.1297537090643405e-37,471,1,176,752
1,413786,830013701,63,0,101187,3232679905,-0.08336658030748367,840.9679565429688,0.996921718120575,3.9272727966308594,3.1591415162504063e-37,470,1,192,704
1,414532,882442501,63,0,101181,3231630893,0.1667371690273285,841.0468139648438,0.9958764910697937,3.913196563720703,3.1591410678348977e-37,473,0,192,704
1,415275,931594501,63,0,101185,3232330240,0.0,841.1328735351562,0.994971513748169,3.9202346801757812,3.1591410678348977e-37,470,1,224,720
1,416126,984023301,63,0,101183,3231980569,0.08336791396141052,841.1973876953125,0.9988647103309631,3.9272727966308594,3.1444476126573734e-37,470,1,256,672
1,416869,1036452101,63,0,101182,3231805732,0.08336858451366425,841.2977294921875,0.994964063167572,3.9202346801757812,3.1591410678348977e-37,470,1,224,768
1,417718,1088880901,63,0,101183,3231980569,0.04168412461876869,841.1400146484375,0.9949799180030823,3.9272727966308594,3.1591410678348977e-37,469,1,192,656
1,418564,1141309701,63,0,101185,3232330240,0.08336658030748367,840.8389282226562,0.9989824891090393,3.9343109130859375,3.1738349714279306e-37,471,0,128,624
1,419307,1193738501,63,0,101190,3233204391,-0.16673049330711365,841.2762451171875,0.9974012970924377,3.9343109130859375,3.159141292042652e-37,471,1,192,768
1,419946,1239613701,63,0,101192,3233554042,-0.2500937283039093,842.0145874023438,1.0006451606750488,3.9202346801757812,3.144447388449619e-37,472,1,160,768
1,420795,1292042501,63,0,101188,3232854735,-0.12504936754703522,842.3013305664062,0.9952768683433533,3.913196563720703,3.144447388449619e-37,470,1,192,752
1,421645,1344471301,63,0,101184,3232155405,0.1250503808259964,842.294189453125,0.9970090985298157,3.9272727966308594,3.1738347472201763e-37,471,1,128,736
1,422494,1403453701,63,0,101178,3231106369,0.4585253894329071,841.6203002929688,0.9956801533699036,3.9202346801757812,3.1297537090643405e-37,470,2,208,736
1,423345,1455882501,63,0,101176,3230756679,0.4168495833873749,841.3909301757812,0.9953222274780273,3.9272727966308594,3.1444476126573734e-37,469,0,256,656
1,424088,1508311301,63,0,101177,3230931525,0.1667425036430359,840.7744140625,0.9938414096832275,3.9272727966308594,3.1738349714279306e-37,470,0,176,768
1,424936,1560740101,63,0,101174,3230406983,0.16674651205539703,840.738525390625,0.9929696917533875,3.9272727966308594,3.159141292042652e-37,469,1,192,752
1,426423,1662320901,63,0,101180,3231456053,-0.16674384474754333,839.0465087890625,0.9944280385971069,3.9272727966308594,3.173835195635685e-37,472,1,224,688
1,427377,1718026501,63,0,101181,3231630893,-0.2501157522201538,839.3189697265625,0.9943702220916748,3.913196563720703,3.159141292042652e-37,471,0,144,720
1,428120,1773732101,63,0,101180,3231456053,-0.2501177489757538,839.50537109375,0.9972048997879028,3.9202346801757812,3.1738349714279306e-37,472,0,144,688
1,428972,1826160901,63,0,101178,3231106369,0.12505637109279633,839.5556030273438,0.994713306427002,3.913196563720703,3.1738349714279306e-37,472,0,160,704
1,429713,1878589701,63,0,101179,3231281212,0.0,839.2831420898438,0.9945676326751709,3.913196563720703,3.159141292042652e-37,469,0,160,768
1,430455,1927741701,63,0,101178,3231106369,0.2501097619533539,839.017822265625,0.9986335039138794,3.913196563720703,3.173835195635685e-37,471,1,160,704
1,431305,1980170501,63,0,101177,3230931525,-0.12506037950515747,839.18994140625,0.9929807782173157,3.913196563720703,3.1591410678348977e-37,470,1,160,768
1,432155,2032599301,63,0,101178,3231106369,0.0,838.2578125,0.9992696046829224,3.9272727966308594,3.173835195635685e-37,469,0,192,672
1,432900,2085028101,63,0,101177,3230931525,0.041686125099658966,837.6697998046875,0.9979281425476074,3.9272727966308594,3.144447388449619e-37,467,0,176,704
1,433644,2137456901,63,0,101177,3230931525,0.0,837.5335693359375,0.995468020439148,3.9272727966308594,3.1591415162504063e-37,470,1,192,704
1,434494,2186608901,63,0,101181,3231630893,-0.04168512672185898,837.4976806640625,0.9973713159561157,3.913196563720703,3.1591415162504063e-37,472,0,224,768
1,435237,2239037701,63,0,101179,3231281212,-0.08337192237377167,837.4403076171875,0.9990499019622803,3.9202346801757812,3.173835195635685e-37,470,1,192,720
1,435980,2288189701,63,0,101181,3231630893,-0.08337058871984482,837.0602416992188,0.9945986866950989,3.9272727966308594,3.1444478368651277e-37,470,0,192,720
1,436726,2340618501,63,0,101182,3231805732,0.0,836.7734375,0.9955835342407227,3.9202346801757812,3.159141292042652e-37,471,0,192,688
1,437576,2393047301,63,0,101185,3232330240,-0.1667371690273285,837.3757934570312,0.9957457780838013,3.913196563720703,3.1591410678348977e-37,472,1,160,752
1,438319,2442199301,63,0,101182,3231805732,-0.12505537271499634,836.8236083984375,0.99639493227005,3.9202346801757812,3.1444478368651277e-37,469,0,192,704
1,439170,2497904901,63,0,101187,3232679905,-0.25010374188423157,837.468994140625,0.9960801005363464,3.9272727966308594,3.1738349714279306e-37,471,0,160,736
1,440018,2550333701,63,0,101181,3231630893,0.1667371690273285,837.0674438476562,0.99660724401474,3.913196563720703,3.1591410678348977e-37,469,0,208,736
1,440761,2599485701,63,0,101187,3232679905,-0.25010374188423157,836.9526977539062,0.9929150938987732,3.913196563720703,3.144447388449619e-37,470,0,224,736
1,441505,2648637701,63,0,101187,3232679905,-0.41684624552726746,836.8953247070312,0.9951668977737427,3.9202346801757812,3.159141292042652e-37,472,2,176,704
1,442353,2701066501,63,0,101185,3232330240,0.04168345779180527,836.852294921875,0.9948148727416992,3.9272727966308594,3.1591410678348977e-37,471,1,192,736
1,443097,2753495301,63,0,101186,3232505073,-0.1250513792037964,836.6514892578125,0.9952501654624939,3.9272727966308594,3.1444476126573734e-37,470,2,160,784
1,443841,2805924101,63,0,101186,3232505073,0.0,836.830810546875,0.9944102764129639,3.913196563720703,3.1738349714279306e-37,471,0,224,672
1,444691,2855076101,63,0,101185,3232330240,0.04168345779180527,837.3471069335938,0.9923241138458252,3.9202346801757812,3.159141292042652e-37,470,0,208,768
1,445435,2907504901,63,0,101182,3231805732,0.2501017451286316,837.4905395507812,0.9980322122573853,3.9272727966308594,3.144447388449619e-37,471,1,144,784
1,446178,2956656901,63,0,101189,3233029564,0.04168212413787842,836.8809814453125,0.9978542923927307,3.913196563720703,3.1591415162504063e-37,471,0,160,752
1,447028,3009085701,63,0,101186,3232505073,0.041683122515678406,837.2252197265625,0.9951987862586975,3.913196563720703,3.1738347472201763e-37,472,0,160,720
1,447773,3061514501,63,0,101185,3232330240,-0.1667371690273285,837.4976806640625,0.9982249736785889,3.913196563720703,3.144447388449619e-37,470,1,208,752
1,448518,3110666501,63,0,101188,3232854735,0.0,837.6124267578125,0.9946830868721008,3.913196563720703,3.144447388449619e-37,469,2,192,688
1,449367,3163095301,63,0,101184,3232155405,0.1250503808259964,837.6769409179688,0.9974046349525452,3.9272727966308594,3.1297539332720948e-37,472,2,128,704
1,450215,3215524101,63,0,101188,3232854735,0.0,837.6769409179688,0.9956418871879578,3.9272727966308594,3.159141292042652e-37,471,0,176,704
1,451065,3271229701,63,0,101191,3233379217,-0.2917795479297638,837.9422607421875,0.9944955110549927,3.913196563720703,3.1591415162504063e-37,472,0,160,752
1,451913,3330212101,63,0,101186,3232505073,0.041683122515678406,837.6124267578125,0.9944278001785278,3.9202346801757812,3.1444476126573734e-37,471,2,208,736
1,453504,3428516101,63,0,101185,3232330240,0.2084139585494995,837.8992919921875,0.9971438646316528,3.9272727966308594,3.159141292042652e-37,470,1,160,784
1,454249,3484221701,63,0,101185,3232330240,0.08336658030748367,837.39013671875,0.9992273449897766,3.9272727966308594,3.1738349714279306e-37,470,0,208,688
1,454990,3536650501,63,0,101182,3231805732,0.0,837.468994140625,0.9974066019058228,3.9202346801757812,3.1738349714279306e-37,470,0,192,720
1,455841,3585802501,63,0,101187,3232679905,-0.041683122515678406,837.311279296875,0.9965802431106567,3.9202346801757812,3.159141292042652e-37,469,0,144,784
1,456585,3638231301,63,0,101187,3232679905,-0.20841895043849945,836.9383544921875,0.998434841632843,3.9202346801757812,3.159141292042652e-37,469,0,272,752
1,458070,3733258501,63,0,101180,3231456053,0.25010573863983154,837.25390625,0.9937364459037781,3.9272727966308594,3.1591417404581606e-37,472,0,176,736
1,458918,3782410501,63,0,101180,3231456053,0.3334716558456421,837.6052856445312,0.9980474710464478,3.9202346801757812,3.1591410678348977e-37,470,1,176,704
1,459768,3841392901,63,0,101187,3232679905,-0.08336658030748367,837.2610473632812,0.9963510036468506,3.9272727966308594,3.1591410678348977e-37,470,1,192,656
1,460618,3893821701,63,0,101187,3232679905,-0.25010374188423157,837.64111328125,0.9944831728935242,3.9202346801757812,3.159141292042652e-37,471,1,144,720
1,461360,3949527301,63,0,101183,3231980569,0.0,838.085693359375,0.9994495511054993,3.913196563720703,3.1738349714279306e-37,472,0,160,720
1,462210,4001956101,63,0,101178,3231106369,0.2501097619533539,837.8562622070312,0.9968077540397644,3.9202346801757812,3.1591410678348977e-37,470,1,224,704
1,463059,4057661701,63,0,101184,3232155405,0.04168379306793213,837.1678466796875,0.9972953200340271,3.9202346801757812,3.1444476126573734e-37,470,1,240,832
1,463908,4113367301,63,0,101182,3231805732,0.08336858451366425,836.716064453125,0.9940865635871887,3.9202346801757812,3.159141292042652e-37,471,1,192,720
1,464652,4165796101,63,0,101180,3231456053,0.04168512672185898,836.6730346679688,0.9959702491760254,3.9272727966308594,3.1591410678348977e-37,472,1,240,784
1,465500,4218224901,63,0,101179,3231281212,0.12505537271499634,836.7447509765625,0.9931392073631287,3.913196563720703,3.173835419843439e-37,473,1,224,736
1,466349,4273930501,63,0,101182,3231805732,-0.04168479144573212,836.8451538085938,0.9946984052658081,3.9202346801757812,3.1591410678348977e-37,470,1,224,800
1,467196,37945605,64,0,101183,3231980569,-0.08336924761533737,837.0745849609375,0.9958846569061279,3.9272727966308594,3.1444478368651277e-37,472,1,176,800
1,467940,87097605,64,0,101183,3231980569,0.08336791396141052,837.4761962890625,0.9969041347503662,3.9202346801757812,3.1591415162504063e-37,470,2,192,720
1,468788,136249605,64,0,101183,3231980569,0.1250513792037964,837.4188232421875,0.9970093369483948,3.913196563720703,3.159141292042652e-37,472,0,192,768
1,469532,191955205,64,0,101186,3232505073,-0.16673582792282104,837.7415161132812,0.9963839054107666,3.9202346801757812,3.1738349714279306e-37,470,0,288,656
1,470276,244384005,64,0,101185,3232330240,-0.04168379306793213,837.9996337890625,0.9967949390411377,3.913196563720703,3.159141292042652e-37,471,3,224,768
1,471129,293536005,64,0,101183,3231980569,0.04168412461876869,837.9638061523438,0.9980000257492065,3.9202346801757812,3.1444476126573734e-37,469,1,208,720
1,471875,345964805,64,0,101186,3232505073,-0.0833672508597374,838.39404296875,0.9946730136871338,3.9202346801757812,3.1738349714279306e-37,469,1,176,688
1,472621,398393605,64,0,101186,3232505073,-0.16673582792282104,838.1215209960938,0.993981122970581,3.9272727966308594,3.159141292042652e-37,470,1,192,768
1,473470,447545605,64,0,101188,3232854735,-0.04168279096484184,838.1788940429688,0.9984962344169617,3.9202346801757812,3.1738349714279306e-37,471,0,240,800
1,474318,499974405,64,0,101184,3232155405,0.0,838.2506103515625,0.9949324727058411,3.9202346801757812,3.1297539332720948e-37,469,0,192,816
1,475061,555680005,64,0,101183,3231980569,0.04168412461876869,838.1215209960938,0.9997954368591309,3.913196563720703,3.1591410678348977e-37,471,1,208,768
1,476016,608108805,64,0,101185,3232330240,0.0,837.583740234375,0.9961241483688354,3.913196563720703,3.159141292042652e-37,472,1,176,720
1,476758,663814405,64,0,101181,3231630893,0.04168479144573212,837.6769409179688,0.9962626099586487,3.913196563720703,3.1444476126573734e-37,471,0,224,704
1,478336,771948805,64,0,101186,3232505073,-0.1250513792037964,837.6483154296875,0.9944450259208679,3.913196563720703,3.159141292042652e-37,469,1,256,784
1,479289,824377605,64,0,101187,3232679905,-0.041683122515678406,837.5980834960938,0.9969468116760254,3.9202346801757812,3.1591410678348977e-37,471,1,224,720
1,480032,880083205,64,0,101183,3231980569,0.1250513792037964,837.719970703125,0.9970061182975769,3.9272727966308594,3.159141292042652e-37,471,1,192,768
1,480776,932512005,64,0,101185,3232330240,0.2084139585494995,836.9885864257812,0.9973034262657166,3.913196563720703,3.159141292042652e-37,472,1,208,752
1,481627,984940805,64,0,101182,3231805732,0.20841895043849945,837.3184204101562,0.9989367127418518,3.9202346801757812,3.1591410678348977e-37,470,1,176,720
1,482582,1040646405,64,0,101184,3232155405,0.20841562747955322,837.6124267578125,0.9982220530509949,3.9272727966308594,3.1738349714279306e-37,471,2,240,752
1,483433,1099628805,64,0,101184,3232155405,-0.12505337595939636,837.7056274414062,0.9961349368095398,3.9202346801757812,3.1444476126573734e-37,469,2,224,704
1,484177,1152057605,64,0,101183,3231980569,0.1250513792037964,837.583740234375,1.000459909439087,3.906158447265625,3.1591410678348977e-37,469,2,224,672
1,484922,1204486405,64,0,101183,3231980569,0.29178187251091003,837.6339721679688,0.9981745481491089,3.913196563720703,3.1591410678348977e-37,470,1,256,736
1,485770,1253638405,64,0,101182,3231805732,0.37514811754226685,837.4188232421875,0.9948226809501648,3.9272727966308594,3.1444476126573734e-37,470,1,192,736
1,486510,1306067205,64,0,101183,3231980569,-0.12505437433719635,836.9240112304688,1.0020489692687988,3.9202346801757812,3.1591410678348977e-37,470,1,256,832
1,487361,1358496005,64,0,101179,3231281212,0.333474338054657,837.0100708007812,0.9927690625190735,3.906158447265625,3.1591410678348977e-37,468,1,176,736
1,488108,1407648005,64,0,101183,3231980569,-0.041684459894895554,837.2108764648438,0.9923437833786011,3.9202346801757812,3.1591410678348977e-37,470,0,160,800
1,488854,1460076805,64,0,101178,3231106369,0.16674117743968964,836.0204467773438,1.0003138780593872,3.9202346801757812,3.1591415162504063e-37,470,1,160,720
1,489702,1512505605,64,0,101183,3231980569,-0.1667398363351822,835.6475219726562,0.9962001442909241,3.9202346801757812,3.159141292042652e-37,469,1,176,736
1,490447,1564934405,64,0,101177,3230931525,0.3334796726703644,835.0307006835938,0.9966185092926025,3.9202346801757812,3.1591410678348977e-37,470,1,224,800
1,491295,1617363205,64,0,101182,3231805732,0.041684459894895554,834.3923950195312,0.9966192245483398,3.913196563720703,3.1738347472201763e-37,469,1,208,800
1,492039,1666515205,64,0,101183,3231980569,-0.1667398363351822,834.4138793945312,0.9985633492469788,3.913196563720703,3.1738347472201763e-37,471,1,160,752
1,492783,1718944005,64,0,101182,3231805732,-0.12505537271499634,835.07373046875,0.9951288104057312,3.9202346801757812,3.129754157479849e-37,472,0,224,704
1,493635,1771372805,64,0,101186,3232505073,-0.37516313791275024,835.6044921875,0.9942167401313782,3.913196563720703,3.159141292042652e-37,471,0,256,656
1,494381,1820524805,64,0,101184,3232155405,-0.16673849523067474,835.41796875,0.9972426891326904,3.913196563720703,3.159141292042652e-37,471,2,192,784
1,495124,1872953605,64,0,101184,3232155405,-0.04168412461876869,834.994873046875,0.9965840578079224,3.9272727966308594,3.159141292042652e-37,471,1,224,768
1,495973,1922105605,64,0,101182,3231805732,0.08336858451366425,835.0952758789062,0.9966542720794678,3.913196563720703,3.159141292042652e-37,470,2,224,736
1,496717,1974534405,64,0,101182,3231805732,0.08336858451366425,835.1597900390625,0.9954363703727722,3.9202346801757812,3.159141292042652e-37,468,0,192,768
1,497565,2023686405,64,0,101183,3231980569,0.0,834.7222900390625,0.9923644661903381,3.9202346801757812,3.1444476126573734e-37,470,1,224,768
1,498413,2079392005,64,0,101187,3232679905,-0.1667345017194748,834.5932006835938,0.9951121807098389,3.9272727966308594,3.1591415162504063e-37,470,1,224,768
1,499155,2131820805,64,0,101186,3232505073,-0.1250513792037964,834.923095703125,0.998778760433197,3.9202346801757812,3.1444476126573734e-37,470,0,208,768
1,500005,2184249605,64,0,101186,3232505073,0.0,835.2601928710938,0.9956970810890198,3.906158447265625,3.173835195635685e-37,470,1,192,784
1,500855,2239955205,64,0,101189,3233029564,-0.1667318344116211,835.5183715820312,0.9958617687225342,3.913196563720703,3.159141292042652e-37,472,2,192,768
1,501702,2295660805,64,0,101191,3233379217,-0.1667291671037674,835.568603515625,0.9956404566764832,3.9202346801757812,3.1738349714279306e-37,472,0,240,720
1,502446,2348089605,64,0,101192,3233554042,-0.2084106206893921,835.2100219726562,0.9973025918006897,3.913196563720703,3.1591410678348977e-37,472,1,176,720
1,503293,2400518405,64,0,101189,3233029564,-0.08336524665355682,836.1065063476562,0.9967547655105591,3.9272727966308594,3.1591415162504063e-37,472,0,192,752
1,504036,2452947205,64,0,101190,3233204391,0.0,836.5869750976562,0.9955074191093445,3.9202346801757812,3.1738349714279306e-37,471,1,192,816
1,504780,2505376005,64,0,101187,3232679905,-0.08336658030748367,836.8021240234375,0.9965466260910034,3.9272727966308594,3.173835195635685e-37,473,0,208,736
1,505528,2551251205,64,0,101187,3232679905,0.12504737079143524,836.6945190429688,0.9968417882919312,3.9272727966308594,3.1591415162504063e-37,471,2,160,832
1,506270,2603680005,64,0,101185,3232330240,0.29177719354629517,836.2140502929688,0.9983934164047241,3.9202346801757812,3.159141292042652e-37,471,0,224,720
1,507119,2652832005,64,0,101187,3232679905,0.0,836.4220581054688,0.9977133274078369,3.906158447265625,3.1444476126573734e-37,472,1,224,736
1,508075,2711814405,64,0,101187,3232679905,-0.041683122515678406,836.8738403320312,0.9951542019844055,3.913196563720703,3.159141292042652e-37,469,0,208,720
1,509557,2810118405,64,0,101187,3232679905,0.0,835.9774169921875,0.9956533908843994,3.913196563720703,3.1591415162504063e-37,469,0,160,784
1,510406,2865824005,64,0,101193,3233728865,-0.2917748689651489,836.9168701171875,0.995551347732544,3.913196563720703,3.1591410678348977e-37,471,1,208,800
1,511151,2918252805,64,0,101191,3233379217,-0.08336391299962997,837.1104736328125,0.9974896311759949,3.9202346801757812,3.159141292042652e-37,469,1,176,784
1,512529,3013280005,64,0,101184,3232155405,0.04168379306793213,836.9312133789062,0.9996151328086853,3.9272727966308594,3.1591410678348977e-37,471,0,224,736
1,513483,3065708805,64,0,101193,3233728865,-0.2500917315483093,836.4578857421875,0.9958106875419617,3.9272727966308594,3.1738349714279306e-37,469,1,176,832
1,514228,3121414405,64,0,101184,3232155405,0.3334609866142273,836.1351928710938,0.9982010722160339,3.9202346801757812,3.159141292042652e-37,472,0,272,720
1,514971,3173843205,64,0,101186,3232505073,0.041683122515678406,836.4364013671875,0.9938064813613892,3.9343109130859375,3.1738349714279306e-37,470,1,208,784
1,515817,3226272005,64,0,101185,3232330240,0.08336658030748367,836.6084594726562,0.996367871761322,3.9343109130859375,3.1591410678348977e-37,470,0,224,752
1,516666,3275424005,64,0,101183,3231980569,-0.041684459894895554,836.3359985351562,0.9942697882652283,3.9413490295410156,3.1591410678348977e-37,470,1,208,784
1,517409,3327852805,64,0,101186,3232505073,-0.1250513792037964,836.1351928710938,0.998191773891449,3.9202346801757812,3.159141292042652e-37,470,1,224,784
1,518154,3377004805,64,0,101185,3232330240,0.12504936754703522,836.4507446289062,0.9963725805282593,3.9272727966308594,3.159141292042652e-37,473,2,192,784
1,518897,3429433605,64,0,101185,3232330240,0.08336658030748367,836.4793701171875,1.0020065307617188,3.913196563720703,3.1444476126573734e-37,470,2,240,784
1,519748,3481862405,64,0,101188,3232854735,-0.08336591720581055,836.350341796875,0.9938249588012695,3.906158447265625,3.1738349714279306e-37,472,1,256,848
1,520491,3531014405,64,0,101186,3232505073,-0.04168345779180527,836.2786254882812,0.9986681342124939,3.9202346801757812,3.1738349714279306e-37,472,1,208,752
1,521236,3583443205,64,0,101187,3232679905,0.0,836.5152587890625,0.9943259954452515,3.9272727966308594,3.1738349714279306e-37,469,1,208,752
1,522088,3632595205,64,0,101187,3232679905,0.04168279096484184,837.2323608398438,0.9982917308807373,3.9202346801757812,3.1444478368651277e-37,471,2,256,752
1,522832,3685024005,64,0,101183,3231980569,0.1250513792037964,837.2252197265625,0.9929962754249573,3.9202346801757812,3.1738347472201763e-37,471,1,224,784
1,524316,3776774405,64,0,101180,3231456053,0.20842228829860687,836.6371459960938,0.995193362236023,3.9343109130859375,3.1738349714279306e-37,471,0,224,768
1,525165,3832480005,64,0,101174,3230406983,0.5002235174179077,835.6259765625,0.9917248487472534,3.9202346801757812,3.1738349714279306e-37,472,0,224,816
1,526012,3891462405,64,0,101183,3231980569,0.3334636688232422,835.2171630859375,0.991081178188324,3.9272727966308594,3.188528650813209e-37,469,1,208,720
1,526861,3943891205,64,0,101186,3232505073,-0.16673582792282104,834.6649169921875,0.9933534264564514,3.9202346801757812,3.1591415162504063e-37,470,1,208,768
1,527603,3996320005,64,0,101184,3232155405,-0.20842395722866058,834.578857421875,0.9978463053703308,3.913196563720703,3.1591410678348977e-37,469,1,208,832
1,528454,4052025605,64,0,101183,3231980569,0.08336791396141052,834.6434326171875,0.9948101043701172,3.9272727966308594,3.1444478368651277e-37,472,1,256,832
1,529410,4107731205,64,0,101183,3231980569,0.1250513792037964,835.2387084960938,0.996299684047699,3.9202346801757812,3.1738349714279306e-37,472,0,208,768
1,530154,4163436805,64,0,101185,3232330240,-0.04168379306793213,835.224365234375,0.9958535432815552,3.913196563720703,3.159141292042652e-37,472,2,256,688
1,530897,4215865605,64,0,101185,3232330240,0.2084139585494995,834.7438354492188,0.9964396953582764,3.9272727966308594,3.1591410678348977e-37,471,1,224,736
1,531746,4265017605,64,0,101188,3232854735,-0.20841729640960693,834.63623046875,0.9957228302955627,3.9202346801757812,3.159141292042652e-37,469,0,176,800
1,532489,22479109,65,0,101181,3231630893,0.1667371690273285,835.0379028320312,0.9955041408538818,3.9202346801757812,3.1591410678348977e-37,469,1,272,720
1,533234,74907909,65,0,101182,3231805732,0.08336858451366425,834.5358276367188,0.9956256747245789,3.9272727966308594,3.1738349714279306e-37,471,1,160,768
1,534085,124059909,65,0,101179,3231281212,0.2501077651977539,834.1915283203125,1.001060962677002,3.913196563720703,3.159141292042652e-37,470,1,272,752
1,534830,176488709,65,0,101189,3233029564,-0.2917841970920563,834.4927978515625,0.9956070184707642,3.9272727966308594,3.159141292042652e-37,470,1,208,736
1,535572,225640709,65,0,101184,3232155405,-0.16673849523067474,834.9302978515625,0.9913437962532043,3.9202346801757812,3.1738349714279306e-37,470,0,224,720
1,536422,278069509,65,0,101187,3232679905,-0.1250503808259964,834.5716552734375,1.0017049312591553,3.913196563720703,3.159141292042652e-37,471,1,224,640
1,537165,330498309,65,0,101187,3232679905,-0.1250503808259964,834.4354248046875,0.997708797454834,3.9202346801757812,3.1591410678348977e-37,469,2,304,768
1,538118,382927109,65,0,101188,3232854735,0.0,834.4497680664062,0.9956585168838501,3.9202346801757812,3.173835195635685e-37,469,1,240,784
1,538967,441909509,65,0,101191,3233379217,-0.08336391299962997,835.4108276367188,0.9973917603492737,3.9202346801757812,3.1444476126573734e-37,468,0,288,816
1,539709,494338309,65,0,101191,3233379217,-0.1667291671037674,835.7837524414062,0.9948065280914307,3.9202346801757812,3.159141292042652e-37,471,2,208,768
1,540559,546767109,65,0,101186,3232505073,0.12504836916923523,835.9630737304688,0.9975481033325195,3.9202346801757812,3.173835195635685e-37,470,1,224,752
1,541410,602472709,65,0,101185,3232330240,0.08336658030748367,835.30322265625,0.9947708249092102,3.913196563720703,3.188528650813209e-37,470,1,288,736
1,542260,658178309,65,0,101189,3233029564,-0.1667318344116211,834.994873046875,0.9950493574142456,3.9202346801757812,3.144447388449619e-37,470,0,256,768
1,543111,710607109,65,0,101188,3232854735,-0.3334716558456421,834.6649169921875,0.9969131946563721,3.913196563720703,3.159141292042652e-37,470,2,256,752
1,543959,769589509,65,0,101188,3232854735,-0.12504936754703522,835.3462524414062,0.995008647441864,3.9202346801757812,3.1738349714279306e-37,470,1,272,768
1,544703,822018309,65,0,101194,3233903687,-0.37513911724090576,835.6188354492188,0.9947348237037659,3.9272727966308594,3.159141292042652e-37,470,1,240,784
1,545662,877723909,65,0,101179,3231281212,0.333474338054657,835.4896850585938,0.994256317615509,3.9202346801757812,3.1885288750209634e-37,471,0,176,800
1,546406,930152709,65,0,101181,3231630893,0.5418762564659119,835.3821411132812,0.9966786503791809,3.913196563720703,3.1738349714279306e-37,471,1,224,768
1,547150,982581509,65,0,101176,3230756679,0.3334823548793793,834.4497680664062,0.9951480031013489,3.913196563720703,3.1591410678348977e-37,471,0,256,752
1,547998,1035010309,65,0,101176,3230756679,0.3334823548793793,834.5358276367188,0.9999803304672241,3.9202346801757812,3.173835195635685e-37,471,2,192,832
1,548741,1084162309,65,0,101177,3230931525,0.208427295088768,834.0265502929688,0.9966894388198853,3.9272727966308594,3.1738347472201763e-37,470,1,240,720
1,550228,1179189509,65,0,101178,3231106369,-0.16674651205539703,833.653564453125,0.9965279698371887,3.913196563720703,3.1738349714279306e-37,470,1,208,688
1,550971,1231618309,65,0,101175,3230581832,-0.04168712720274925,833.6965942382812,0.9971598386764526,3.913196563720703,3.1738349714279306e-37,471,1,240,752
1,551820,1284047109,65,0,101180,3231456053,-0.2501177489757538,832.900390625,0.9952974319458008,3.913196563720703,3.1591410678348977e-37,470,1,256,720
1,552672,1343029509,65,0,101182,3231805732,-0.5836174488067627,832.1041870117188,0.9964801073074341,3.913196563720703,3.159141292042652e-37,472,0,320,736
1,553524,1395458309,65,0,101189,3233029564,-0.5835847854614258,831.4154663085938,0.9970088601112366,3.9202346801757812,3.1591415162504063e-37,471,1,304,752
1,554267,1447887109,65,0,101191,3233379217,-0.2084122896194458,831.9176635742188,0.9970183968544006,3.9202346801757812,3.159141292042652e-37,471,2,272,768
1,555115,1497039109,65,0,101184,3232155405,-0.04168412461876869,833.0582275390625,0.9958914518356323,3.913196563720703,3.1738349714279306e-37,470,0,256,784
1,555858,1549467909,65,0,101179,3231281212,0.20842395722866058,832.728271484375,0.9936020970344543,3.906158447265625,3.1444476126573734e-37,469,1,176,736
1,556602,1598619909,65,0,101183,3231980569,0.08336791396141052,831.5804443359375,0.9981274008750916,3.9202346801757812,3.159141292042652e-37,473,1,272,832
1,557453,1651048709,65,0,101184,3232155405,-0.04168412461876869,831.8387451171875,0.995672881603241,3.9272727966308594,3.1591410678348977e-37,472,1,224,720
1,558196,1703477509,65,0,101182,3231805732,0.0,832.0969848632812,0.9976975917816162,3.913196563720703,3.1591417404581606e-37,471,1,240,720
1,558942,1752629509,65,0,101185,3232330240,-0.12505237758159637,832.5847778320312,0.9946816563606262,3.9272727966308594,3.1738347472201763e-37,470,0,192,720
1,559684,1805058309,65,0,101187,3232679905,-0.08336658030748367,832.355224609375,0.9952530264854431,3.913196563720703,3.144447388449619e-37,468,2,224,736
1,560534,1854210309,65,0,101181,3231630893,0.04168479144573212,832.1830444335938,0.9929279088973999,3.9272727966308594,3.1738347472201763e-37,470,0,240,768
1,561278,1906639109,65,0,101186,3232505073,-0.0833672508597374,832.87890625,0.9974275827407837,3.9202346801757812,3.1591415162504063e-37,470,0,224,752
1,562023,1959067909,65,0,101185,3232330240,0.12504936754703522,832.936279296875,0.9957329630851746,3.9202346801757812,3.159141292042652e-37,469,1,288,784
1,562871,2008219909,65,0,101186,3232505073,0.041683122515678406,833.0438842773438,0.9977259039878845,3.9272727966308594,3.188528426605455e-37,469,1,256,704
1,563612,2060648709,65,0,101183,3231980569,0.04168412461876869,833.6679077148438,0.9969215989112854,3.906158447265625,3.1738347472201763e-37,471,0,192,768
1,564462,2113077509,65,0,101182,3231805732,0.12505237758159637,832.9219360351562,0.9969365000724792,3.913196563720703,3.1591410678348977e-37,470,1,224,736
1,565206,2162229509,65,0,101184,3232155405,0.0833672508597374,832.3408813476562,0.9955800771713257,3.9272727966308594,3.1738347472201763e-37,471,0,304,784
1,565951,2214658309,65,0,101181,3231630893,0.20842061936855316,833.1658325195312,0.994391679763794,3.9272727966308594,3.1591415162504063e-37,471,1,256,768
1,566803,2263810309,65,0,101185,3232330240,-0.04168379306793213,833.6177368164062,0.9964768886566162,3.9272727966308594,3.159141292042652e-37,472,1,208,816
1,567548,2316239109,65,0,101184,3232155405,-0.04168412461876869,834.1126098632812,0.9964734315872192,3.913196563720703,3.1444476126573734e-37,472,0,208,704
1,568397,2368667909,65,0,101189,3233029564,-0.20841562747955322,833.6105346679688,0.9949093461036682,3.9272727966308594,3.1444478368651277e-37,470,0,192,784
1,569246,2424373509,65,0,101184,3232155405,0.0,834.1484985351562,0.9976513385772705,3.913196563720703,3.159141292042652e-37,471,0,320,720
1,570094,2483355909,65,0,101185,3232330240,-0.08336791396141052,834.4927978515625,0.9971891641616821,3.9202346801757812,3.1591415162504063e-37,470,2,192,800
1,570944,2535784709,65,0,101183,3231980569,0.20841729640960693,834.6075439453125,0.9948985576629639,3.9202346801757812,3.1444476126573734e-37,471,0,240,688
1,571688,2588213509,65,0,101186,3232505073,0.12504836916923523,834.63623046875,0.9988641142845154,3.9202346801757812,3.1591410678348977e-37,472,1,208,800
1,572433,2637365509,65,0,101185,3232330240,-0.04168379306793213,834.4927978515625,0.9971539974212646,3.9202346801757812,3.159141292042652e-37,470,2,288,800
1,573177,2689794309,65,0,101187,3232679905,-0.041683122515678406,834.4425659179688,0.9990937113761902,3.9202346801757812,3.159141292042652e-37,470,2,240,800
1,574029,2738946309,65,0,101185,3232330240,0.04168345779180527,834.5573120117188,0.9963840246200562,3.9272727966308594,3.159141292042652e-37,470,1,208,784
1,574772,2791375109,65,0,101187,3232679905,-0.08336658030748367,834.9661254882812,0.994858980178833,3.9202346801757812,3.159141292042652e-37,471,0,256,800
1,575513,2843803909,65,0,101191,3233379217,-0.12504637241363525,834.8370361328125,0.9963088035583496,3.913196563720703,3.1591410678348977e-37,468,2,288,848
1,576361,2892955909,65,0,101191,3233379217,-0.37514811754226685,834.6649169921875,0.9958286285400391,3.9343109130859375,3.159141292042652e-37,472,2,272,768
1,577106,2945384709,65,0,101188,3232854735,-0.04168279096484184,834.600341796875,0.9961381554603577,3.9202346801757812,3.173835195635685e-37,470,1,256,800
1,577956,2994536709,65,0,101190,3233204391,0.0,834.994873046875,0.9960627555847168,3.913196563720703,3.1738349714279306e-37,471,1,256,720
1,578703,3046965509,65,0,101185,3232330240,0.1667318344116211,835.568603515625,0.9942304491996765,3.9202346801757812,3.1738349714279306e-37,471,1,256,768
1,579446,3099394309,65,0,101189,3233029564,0.08336391299962997,835.360595703125,0.9976240992546082,3.906158447265625,3.173835195635685e-37,471,1,288,752
1,580402,3148546309,65,0,101186,3232505073,-0.04168345779180527,834.8800659179688,0.9988484978675842,3.913196563720703,3.159141292042652e-37,470,0,224,768
1,581251,3210805509,65,0,101184,3232155405,0.04168379306793213,835.1239624023438,1.000364899635315,3.913196563720703,3.1738347472201763e-37,470,0,240,768
1,582098,3269787909,65,0,101191,3233379217,-0.25009575486183167,835.6976928710938,0.9978545308113098,3.9202346801757812,3.1738347472201763e-37,472,1,288,768
1,582948,3322216709,65,0,101191,3233379217,-0.12504637241363525,835.453857421875,0.9958106875419617,3.9272727966308594,3.1591410678348977e-37,469,2,192,816
1,583690,3374645509,65,0,101183,3231980569,0.04168412461876869,835.2888793945312,0.9943820834159851,3.913196563720703,3.1738349714279306e-37,470,1,256,784
1,584539,3430351109,65,0,101183,3231980569,0.1250513792037964,834.86572265625,0.994560956954956,3.9202346801757812,3.1444476126573734e-37,472,1,240,832
1,585389,3486056709,65,0,101183,3231980569,-0.041684459894895554,834.7509765625,0.9962332844734192,3.9202346801757812,3.1444476126573734e-37,469,2,176,832
1,586327,3551592709,65,0,101182,3231805732,0.08336858451366425,834.5573120117188,0.9944348335266113,3.906158447265625,3.1738349714279306e-37,472,1,320,784
1,587286,3604021509,65,0,101181,3231630893,-0.08337058871984482,834.4354248046875,0.9978945851325989,3.913196563720703,3.1591410678348977e-37,469,1,224,768
1,588028,3659727109,65,0,101180,3231456053,-0.04168545827269554,833.6965942382812,0.9919273257255554,3.913196563720703,3.159141292042652e-37,469,0,224,752
1,588772,3712155909,65,0,101183,3231980569,-0.1667398363351822,833.9046020507812,0.9953668117523193,3.913196563720703,3.1591410678348977e-37,471,1,224,784
1,589621,3761307909,65,0,101178,3231106369,0.291793555021286,832.8502197265625,0.9980031847953796,3.906158447265625,3.1591415162504063e-37,471,1,304,704
1,590363,3813736709,65,0,101185,3232330240,-0.12505237758159637,832.2978515625,0.9911127686500549,3.913196563720703,3.1591410678348977e-37,471,0,208,848
1,591216,3866165509,65,0,101184,3232155405,-0.04168412461876869,832.2117919921875,0.9942799806594849,3.9202346801757812,3.159141292042652e-37,471,1,192,768
1,592067,3918594309,65,0,101185,3232330240,-0.12505237758159637,832.111328125,0.9970912337303162,3.913196563720703,3.1738349714279306e-37,472,2,288,752
1,592812,3974299909,65,0,101183,3231980569,0.1250513792037964,832.1185302734375,0.992093563079834,3.913196563720703,3.1591410678348977e-37,471,1,224,720
1,593766,4030005509,65,0,101180,3231456053,0.20842228829860687,832.8717041015625,0.9976876378059387,3.9202346801757812,3.159141292042652e-37,472,0,240,784
1,594509,4082434309,65,0,101185,3232330240,0.08336658030748367,832.8502197265625,0.9940444231033325,3.913196563720703,3.1444476126573734e-37,469,1,288,816
1,595357,4134863109,65,0,101187,3232679905,-0.1250503808259964,833.3666381835938,0.9950087666511536,3.913196563720703,3.1591415162504063e-37,471,1,192,784
1,596312,4193845509,65,0,101190,3233204391,-0.5418936014175415,833.3666381835938,0.9961747527122498,3.913196563720703,3.1591410678348977e-37,470,0,208,832
1,597162,4252827909,65,0,101189,3233029564,-0.20841562747955322,833.7755126953125,0.9986240863800049,3.913196563720703,3.144447388449619e-37,468,0,272,880
1,598013,16843013,66,0,101190,3233204391,-0.16673049330711365,834.3780517578125,0.9945334792137146,3.9202346801757812,3.1738349714279306e-37,470,0,224,784
1,598968,72548613,66,0,101183,3231980569,0.29178187251091003,834.141357421875,0.9957016110420227,3.9202346801757812,3.1738349714279306e-37,468,0,192,720
1,599815,134807813,66,0,101184,3232155405,0.0833672508597374,834.0982666015625,0.996143639087677,3.913196563720703,3.1444476126573734e-37,468,0,256,736
1,600664,190513413,66,0,101188,3232854735,-0.08336591720581055,834.0911254882812,0.9992771148681641,3.9202346801757812,3.173835195635685e-37,471,0,288,784
1,601405,242942213,66,0,101189,3233029564,-0.1667318344116211,834.2632446289062,0.9963133335113525,3.906158447265625,3.1738349714279306e-37,469,1,192,800
1,602255,292094213,66,0,101191,3233379217,-0.25009575486183167,834.3493041992188,0.9960341453552246,3.9202346801757812,3.159141292042652e-37,471,0,240,736
1,603213,351076613,66,0,101188,3232854735,-0.04168279096484184,834.3851928710938,0.9971351027488708,3.906158447265625,3.1591410678348977e-37,470,0,208,768
1,604063,410059013,66,0,101189,3233029564,0.2500877380371094,835.1597900390625,0.9995071887969971,3.913196563720703,3.173835195635685e-37,471,1,256,720
1,604804,462487813,66,0,101192,3233554042,-0.12504537403583527,835.6475219726562,0.9971783757209778,3.9202346801757812,3.1738349714279306e-37,472,1,304,720
1,605653,518193413,66,0,101194,3233903687,0.0,835.9271850585938,0.9950279593467712,3.9272727966308594,3.1591415162504063e-37,468,0,304,768
1,606501,570622213,66,0,101190,3233204391,0.12504437565803528,836.0419311523438,0.996854841709137,3.9202346801757812,3.159141292042652e-37,471,0,240,800
1,607247,619774213,66,0,101192,3233554042,0.04168112203478813,836.1279907226562,0.9958879947662354,3.9272727966308594,3.159141292042652e-37,470,0,3296,64592
1,607914,672203013,66,0,101012,1091711651,7.549722194671631,835.1741333007812,10.087547302246094,3.9272727966308594,3.159141292042652e-37,471,1,3312,880
1,608826,724631813,66,0,100389,1114971185,33.619808197021484,833.6464233398438,1.8385690450668335,3.906158447265625,3.1738349714279306e-37,472,0,65184,1040
1,609662,783614213,66,0,99053,1127086792,87.21917724609375,827.2395629882812,0.597187340259552,3.9272727966308594,3.1591415162504063e-37,470,2,65312,1008
1,610415,836043013,66,0,98060,1132545543,112.334716796875,825.0291137695312,0.45382818579673767,3.9202346801757812,3.1591410678348977e-37,472,2,65376,848
1,611223,888471813,66,0,97163,1135068351,104.72669219970703,825.675048828125,0.32477936148643494,3.9272727966308594,3.159141292042652e-37,471,0,65360,960
1,613312,1026294277,66,0,95350,1136982090,65.13033294677734,819.7599487304688,0.1646174192428589,3.9202346801757812,3.1738349714279306e-37,471,2,65456,832
1,614224,1078723077,66,0,94831,1136982090,26.831640243530273,826.1056518554688,0.1358615756034851,3.913196563720703,3.159141292042652e-37,470,0,65456,832
1,615720,1180303877,66,0,94128,1136982090,0.0,829.4855346679688,0.06774627417325974,3.913196563720703,3.159141292042652e-37,471,0,65472,768
1,616615,1236009477,66,0,93866,1136982090,0.0,830.655029296875,0.04069758951663971,3.9202346801757812,3.1591415162504063e-37,470,0,65504,848
1,617468,1294926597,66,0,93679,1136982090,0.0,824.0027465820312,0.06402631849050522,2.526686191558838,5.877473155409902e-39,731,0,65488,784
1,618226,1347355397,66,0,93595,1136982090,0.0,843.8997802734375,0.04808516800403595,3.899120330810547,1.8367239361444675e-40,472,0,65472,880
1,619011,1399784197,66,0,93593,1136982090,0.0,889.26708984375,0.061222370713949203,3.899120330810547,9.183549615799121e-41,472,0,65520,912
1,619863,1452212997,66,0,93674,1136982090,0.0,940.51416015625,0.08171821385622025,3.8920822143554688,0.0,472,1,65456,832
1,620665,1504641797,66,0,93804,1136982090,0.0,983.8594360351562,0.07935584336519241,3.899120330810547,9.183549615799121e-41,471,0,65504,880
1,621423,1557070597,66,0,94046,1136982090,0.0,1016.0438232421875,0.11081833392381668,3.899120330810547,0.0,472,0,65424,784
1,622369,1606222597,66,0,94337,1136982090,0.0,1035.0123291015625,0.16028496623039246,3.8920822143554688,9.183549615799121e-41,471,1,65440,784
1,623175,1668481797,66,0,94766,1136982090,0.0,1046.068359375,0.21217717230319977,3.906158447265625,2.802596928649634e-45,472,1,65424,800
1,623913,1720910597,66,0,95087,1136982090,0.0,1049.372802734375,0.24203437566757202,3.906158447265625,9.183689745645554e-41,472,2,65376,896
1,624715,1773339397,66,0,95822,1136982090,0.0,1046.5556640625,0.357522577047348,3.913196563720703,1.8367239361444675e-40,472,1,65360,832
1,625567,1825768197,66,0,96461,1137055912,1.1264322996139526,1037.153564453125,0.48036354780197144,3.913196563720703,9.183689745645554e-41,471,0,65296,864
1,626367,1878196997,66,0,97235,1134865157,-32.30182647705078,1016.1641845703125,0.39438438415527344,3.906158447265625,1.8367239361444675e-40,472,0,65344,912
1,627125,1930625797,66,0,98076,1132500713,-82.34817504882812,982.6178588867188,0.6518783569335938,3.8920822143554688,9.183549615799121e-41,473,0,65312,672
1,628622,2022376197,66,0,99395,1125188408,-82.01203918457031,931.7929077148438,0.76874840259552,3.913196563720703,1.8367099231598242e-40,471,1,65344,784
1,629473,2081162245,66,0,100317,1116120054,-94.92937469482422,902.2343139648438,0.7154979705810547,3.899120330810547,9.183689745645554e-41,471,0,65248,784
1,630225,2133591045,66,0,101202,3235302212,-97.90019989013672,890.1029052734375,1.0528541803359985,3.906158447265625,1.8367239361444675e-40,472,0,65264,688
1,631013,2186019845,66,0,102075,3265164632,-100.63059997558594,874.4354248046875,0.9114828705787659,3.906158447265625,0.0,471,2,65200,656
